ID_Venta;Fecha_Venta;Codigo_Producto;Cantidad;Precio_Unitario;CUIT_Cliente
1;15/02/2020;MOUSE_432;94;8286.09;21-71848035-3
2;04/11/2019;MOUSE_598;75;13082.25;20-7409979-9
3;18/08/2019;TECLADO_245;6;13548.02;21-40641614-2
4;03/02/2020;LCD_TV;91;16830.85;20-50307730-9
5;14/01/2020;MOUSE_432;24;17458.5;20-88521570-5
6;22/07/2019;PARLANTEBL_23;49;13249.54;21-31945342-6
7;06/05/2020;MOUSE_598;95;28060.74;21-12410096-2
8;28/11/2019;PARLANTEBL_23;86;12758.59;20-23474520-6
9;23/08/2019;LED_TV;8;6187.81;21-41000476-1
10;09/07/2019;SMART_TV;23;15852.32;20-9361294-4
11;22/08/2019;TECLADO_245;90;15197.51;21-3974103-6
12;17/02/2020;LED_TV;44;20030.53;21-31917558-8
13;05/05/2020;SMART_TV;60;2678.13;21-54713904-9
14;04/10/2019;MOUSE_598;97;4874.45;20-8026000-9
15;13/05/2020;TECLADO_245;34;12306.93;21-77719343-1
16;25/05/2020;LCD_TV;62;23358.22;20-94874190-6
17;09/11/2019;PARLANTEBL_23;31;6455.0;20-564922-1
18;11/07/2019;SMART_TV;31;22899.83;21-17508243-5
19;15/12/2019;MOUSE_432;66;6451.48;20-12498948-1
20;23/05/2020;MOUSE_598;9;16937.06;20-12016125-6
21;20/12/2019;MOUSE_432;63;24807.93;20-30844236-4
22;06/12/2019;LED_TV;97;2714.86;21-99604517-9
23;21/06/2019;TECLADO_245;57;5564.59;21-97596539-8
24;06/07/2019;PARLANTEBL_23;56;13316.92;20-99440080-9
25;26/12/2019;MOUSE_432;94;16006.69;20-87340409-1
26;02/05/2020;MOUSE_432;29;25503.95;20-80121909-6
27;08/11/2019;PARLANTEBL_23;30;19293.65;21-39364552-8
28;19/12/2019;LED_TV;53;14621.9;20-77740566-5
29;27/12/2019;TECLADO_245;22;1660.28;20-35883579-1
30;11/03/2020;TECLADO_245;45;22857.28;20-28629941-5
31;11/01/2020;LED_TV;54;4336.36;20-23111043-1
32;17/07/2019;SMART_TV;50;9862.23;20-94251879-5
33;01/04/2020;LED_TV;77;4893.69;20-50023541-4
34;25/10/2019;SMART_TV;12;18070.21;20-26197265-6
35;13/09/2019;MOUSE_598;45;7608.27;21-72212801-1
36;10/10/2019;MOUSE_598;91;10413.33;21-95916702-8
37;28/12/2019;PARLANTEBL_23;59;20297.18;21-42985578-4
38;29/06/2019;PARLANTEBL_23;19;27107.79;21-63299429-1
39;27/10/2019;PARLANTEBL_23;70;4513.8;21-79801145-7
40;14/06/2020;MOUSE_432;15;25906.91;20-61026659-8
41;21/06/2019;SMART_TV;14;16448.93;20-67258699-5
42;31/01/2020;LCD_TV;9;6605.12;20-65121287-9
43;16/09/2019;SMART_TV;72;19167.38;21-70833390-2
44;24/10/2019;MOUSE_598;27;8642.83;20-39972722-2
45;01/02/2020;LED_TV;32;25372.11;21-22722943-6
46;04/04/2020;SMART_TV;69;13642.19;20-81781183-7
47;23/06/2019;TECLADO_245;30;4604.69;20-1059823-9
48;10/08/2019;MOUSE_598;6;4685.81;21-22988612-5
49;02/08/2019;MOUSE_598;8;8959.25;21-29955348-7
50;02/10/2019;MOUSE_432;12;26562.97;21-99526516-7
51;26/01/2020;LCD_TV;16;17720.82;20-47571463-2
52;09/07/2019;LCD_TV;35;9368.06;20-65809723-6
53;29/12/2019;TECLADO_245;12;29555.54;20-31375987-6
54;22/04/2020;LCD_TV;16;24087.62;21-49525804-5
55;22/06/2019;LCD_TV;80;3990.45;20-21630343-7
56;11/06/2020;TECLADO_245;45;2268.8;20-10991744-6
57;10/01/2020;SMART_TV;84;28640.67;21-83264744-3
58;30/05/2020;PARLANTEBL_23;75;24197.55;21-425499-3
59;20/10/2019;TECLADO_245;3;4779.85;20-2928204-4
60;13/12/2019;MOUSE_598;11;20290.17;21-94942181-5
61;08/07/2019;LCD_TV;64;8721.5;21-96575437-7
62;20/11/2019;MOUSE_598;98;25741.97;20-21727847-4
63;09/09/2019;SMART_TV;10;14647.56;21-3323145-4
64;26/10/2019;SMART_TV;70;10297.83;20-39149319-1
65;14/11/2019;MOUSE_432;12;14946.13;20-51857244-9
66;25/06/2019;MOUSE_432;79;7549.89;21-8954344-5
67;20/10/2019;LED_TV;41;18922.46;21-42122562-1
68;09/12/2019;LED_TV;96;29057.35;20-48869282-9
69;25/06/2019;LCD_TV;29;4272.06;20-19979222-7
70;14/01/2020;TECLADO_245;33;8092.34;21-92560010-7
71;22/08/2019;SMART_TV;82;3695.85;20-39634492-4
72;22/01/2020;MOUSE_432;80;23517.1;21-93573975-5
73;20/03/2020;MOUSE_598;58;10465.3;20-84132526-8
74;20/11/2019;SMART_TV;54;16305.72;20-56228841-6
75;20/07/2019;LCD_TV;42;21051.57;21-98047893-6
76;01/12/2019;PARLANTEBL_23;28;9295.68;21-79292882-1
77;25/12/2019;MOUSE_598;25;10635.5;20-60020724-9
78;25/05/2020;LED_TV;97;23272.79;21-22030087-9
79;22/04/2020;SMART_TV;18;15002.15;21-92794746-4
80;22/08/2019;SMART_TV;37;28381.06;20-59492586-2
81;10/03/2020;LCD_TV;89;12843.36;21-55580008-8
82;23/09/2019;LED_TV;36;16538.0;21-34217133-4
83;03/04/2020;LED_TV;75;2148.17;21-19399098-7
84;03/07/2019;TECLADO_245;23;27304.21;20-64372360-1
85;03/02/2020;TECLADO_245;15;23240.82;21-62310920-2
86;03/07/2019;LED_TV;85;4073.42;20-81154802-5
87;10/04/2020;MOUSE_432;59;28836.42;20-36020871-5
88;14/03/2020;MOUSE_598;60;26777.07;21-76144451-3
89;23/10/2019;LCD_TV;10;20279.56;21-85402023-7
90;09/02/2020;LCD_TV;34;1833.32;21-27102405-4
91;13/01/2020;LED_TV;48;12631.48;21-78683776-5
92;28/06/2019;MOUSE_432;36;6800.79;20-4807831-4
93;03/01/2020;MOUSE_598;99;22718.56;21-71853915-2
94;06/01/2020;SMART_TV;82;28479.74;20-64051328-3
95;20/05/2020;SMART_TV;76;5701.46;21-89328480-6
96;21/04/2020;TECLADO_245;84;25173.04;20-32169200-2
97;24/09/2019;MOUSE_598;61;5873.24;20-68901941-1
98;29/04/2020;LED_TV;1;3483.96;21-45218724-4
99;05/05/2020;LED_TV;67;26650.22;21-63845904-7
100;08/04/2020;TECLADO_245;78;2619.55;20-29370058-2
101;21/05/2020;LED_TV;12;4518.13;20-1013667-4
102;13/12/2019;PARLANTEBL_23;95;3936.56;21-53618099-6
103;01/04/2020;LCD_TV;68;7732.11;21-61093920-4
104;04/01/2020;TECLADO_245;52;12725.9;21-59549169-5
105;21/08/2019;MOUSE_432;71;10801.11;21-71039780-3
106;31/10/2019;MOUSE_598;5;10301.93;21-5526567-5
107;23/07/2019;PARLANTEBL_23;59;2159.47;21-95413436-5
108;22/06/2019;MOUSE_598;44;9854.19;20-59552092-3
109;07/05/2020;LED_TV;71;22686.44;21-43771549-8
110;09/10/2019;SMART_TV;7;11830.24;21-25701027-9
111;21/11/2019;LED_TV;17;4728.59;21-6918136-6
112;05/03/2020;TECLADO_245;73;26344.19;21-40086078-6
113;30/10/2019;TECLADO_245;95;14790.08;20-17621647-4
114;27/06/2019;MOUSE_598;12;24199.25;20-57866815-3
115;03/01/2020;PARLANTEBL_23;79;17875.16;20-8054792-2
116;17/07/2019;TECLADO_245;11;26162.13;20-84072077-2
117;26/01/2020;MOUSE_432;42;4652.04;21-64614363-8
118;10/11/2019;SMART_TV;99;8872.35;20-8111483-3
119;25/02/2020;TECLADO_245;90;5446.11;21-3112747-2
120;15/02/2020;TECLADO_245;17;17442.71;20-99173368-5
121;28/07/2019;PARLANTEBL_23;35;1864.66;20-18404901-5
122;04/12/2019;TECLADO_245;30;8573.26;21-55902283-7
123;26/11/2019;TECLADO_245;90;28159.66;21-12655088-4
124;01/03/2020;TECLADO_245;49;16956.74;20-72908872-2
125;24/05/2020;PARLANTEBL_23;38;3141.97;20-16267494-3
126;28/11/2019;LED_TV;2;17255.21;21-14079921-6
127;21/03/2020;TECLADO_245;3;14409.98;21-81603969-5
128;17/11/2019;LED_TV;99;10741.07;20-1514909-5
129;21/06/2019;SMART_TV;80;18083.47;21-52933832-6
130;30/12/2019;MOUSE_432;35;4716.73;20-32630722-9
131;06/12/2019;MOUSE_598;45;19292.03;20-35427421-6
132;08/06/2020;MOUSE_598;81;26693.03;20-71091766-5
133;16/02/2020;LCD_TV;25;23449.17;20-95595034-2
134;07/02/2020;PARLANTEBL_23;47;10274.79;21-16462633-8
135;20/02/2020;LED_TV;75;18174.29;20-17004642-6
136;11/02/2020;LCD_TV;77;15973.63;20-55278346-8
137;06/01/2020;MOUSE_432;65;6851.23;20-32290314-3
138;30/09/2019;LCD_TV;83;21267.86;20-50797939-2
139;27/02/2020;SMART_TV;98;19243.34;21-35918574-7
140;26/01/2020;MOUSE_598;7;9836.81;21-72707530-8
141;18/07/2019;LED_TV;32;10837.58;21-2718308-4
142;21/06/2019;LED_TV;56;10194.05;20-60068451-7
143;13/04/2020;LED_TV;66;16473.88;20-46784969-5
144;07/06/2020;SMART_TV;38;9910.81;20-73066152-8
145;24/12/2019;LED_TV;13;9668.22;20-60468405-7
146;03/06/2020;LCD_TV;52;24087.01;20-99070735-4
147;20/07/2019;MOUSE_598;71;9797.91;21-88928626-5
148;17/10/2019;PARLANTEBL_23;93;2688.67;20-87998852-5
149;07/09/2019;PARLANTEBL_23;94;4870.49;20-9356856-4
150;24/02/2020;PARLANTEBL_23;31;29206.53;20-75630063-6
151;14/08/2019;TECLADO_245;94;16659.48;20-77075806-1
152;06/09/2019;MOUSE_598;58;1720.68;20-72590619-8
153;26/11/2019;LCD_TV;45;374.32;20-5341110-3
154;22/04/2020;MOUSE_598;70;12737.16;20-19256887-8
155;16/08/2019;LED_TV;51;6101.2;21-88166994-2
156;09/11/2019;SMART_TV;39;4852.15;20-3595451-7
157;18/08/2019;PARLANTEBL_23;35;11836.61;21-74018288-3
158;10/05/2020;LED_TV;58;2992.38;21-1170452-5
159;08/10/2019;LED_TV;79;16507.41;21-79533960-2
160;07/03/2020;LCD_TV;34;5834.98;20-45136698-5
161;17/09/2019;LCD_TV;18;24670.74;21-85480071-4
162;30/06/2019;SMART_TV;76;29179.36;20-69034764-8
163;05/07/2019;PARLANTEBL_23;41;21978.2;21-45368823-4
164;16/06/2020;MOUSE_598;83;26719.07;21-57088543-9
165;11/07/2019;MOUSE_432;58;9612.34;20-71000980-2
166;25/02/2020;MOUSE_432;44;16455.17;20-1237573-4
167;27/03/2020;MOUSE_598;67;15665.86;21-88649708-7
168;29/08/2019;MOUSE_598;51;1004.14;21-1992122-4
169;06/08/2019;TECLADO_245;92;24591.36;20-38330091-3
170;25/01/2020;PARLANTEBL_23;50;17284.45;21-50187499-2
171;19/05/2020;TECLADO_245;72;17853.69;21-91705824-9
172;09/07/2019;MOUSE_432;16;23088.08;20-84932607-2
173;27/05/2020;PARLANTEBL_23;53;5936.8;21-40637216-6
174;12/06/2020;MOUSE_432;72;12692.09;21-38843093-7
175;14/06/2020;LCD_TV;66;29853.19;21-85528588-3
176;15/07/2019;TECLADO_245;68;4877.69;21-41390675-2
177;28/12/2019;LED_TV;21;3875.83;20-6053256-9
178;15/06/2020;TECLADO_245;24;27659.2;21-3925721-9
179;14/01/2020;PARLANTEBL_23;5;19972.85;20-80716765-4
180;03/08/2019;LED_TV;41;20565.64;21-77491929-1
181;21/04/2020;MOUSE_598;54;22719.34;20-98522483-2
182;19/10/2019;MOUSE_432;3;14075.94;20-22345600-7
183;05/11/2019;LCD_TV;56;9343.63;21-79824589-8
184;12/08/2019;MOUSE_432;90;4849.52;21-18366991-6
185;16/09/2019;PARLANTEBL_23;98;8800.0;21-57872180-9
186;26/07/2019;MOUSE_432;59;9207.16;20-27048697-4
187;14/11/2019;PARLANTEBL_23;61;653.0;21-79284081-8
188;21/01/2020;SMART_TV;33;25874.62;20-85692906-8
189;23/10/2019;LED_TV;71;18465.05;20-56458327-7
190;28/12/2019;MOUSE_598;87;27336.85;20-79629137-9
191;16/03/2020;LED_TV;66;3662.8;20-5864514-7
192;13/08/2019;SMART_TV;48;17060.17;21-93638006-5
193;03/06/2020;MOUSE_598;45;7811.84;20-84559667-1
194;20/02/2020;PARLANTEBL_23;84;22386.34;21-87451924-2
195;18/10/2019;LCD_TV;9;24603.92;21-56141291-2
196;26/08/2019;LED_TV;32;18439.48;21-3729881-1
197;23/04/2020;MOUSE_432;6;4315.58;20-18528401-3
198;25/01/2020;MOUSE_432;55;21285.7;20-86457777-8
199;24/04/2020;LED_TV;49;13083.62;21-88286395-8
200;13/01/2020;LCD_TV;26;2393.84;21-10574909-5
201;07/12/2019;LED_TV;36;3868.51;21-56007985-8
202;02/06/2020;LED_TV;65;22262.22;21-54714422-4
203;23/01/2020;PARLANTEBL_23;14;11661.92;20-73080027-1
204;16/06/2020;MOUSE_432;14;20358.74;20-78495815-9
205;29/09/2019;LCD_TV;83;25478.02;21-1686803-1
206;31/07/2019;LCD_TV;95;24688.47;20-2325260-3
207;25/06/2019;PARLANTEBL_23;36;11806.23;20-20467694-6
208;18/10/2019;TECLADO_245;76;19189.16;20-54488581-9
209;28/04/2020;MOUSE_598;61;9205.03;20-58885885-2
210;27/03/2020;MOUSE_598;13;8397.51;20-55412644-1
211;22/12/2019;PARLANTEBL_23;36;231.04;21-48846375-9
212;09/02/2020;TECLADO_245;82;20245.07;21-6455679-1
213;26/09/2019;MOUSE_432;67;22424.51;21-76212146-2
214;04/09/2019;MOUSE_598;90;18568.57;20-89237753-2
215;06/06/2020;MOUSE_432;91;17678.54;20-87196951-8
216;13/03/2020;TECLADO_245;44;3813.21;21-75324536-4
217;31/08/2019;PARLANTEBL_23;97;17146.04;21-6052768-9
218;27/01/2020;TECLADO_245;86;23993.16;21-45978175-5
219;02/08/2019;PARLANTEBL_23;34;5269.54;20-98428144-5
220;14/02/2020;LCD_TV;95;8307.34;21-89341895-3
221;20/09/2019;MOUSE_598;80;11159.86;20-94788137-5
222;10/11/2019;SMART_TV;28;25272.78;20-22315486-4
223;27/05/2020;SMART_TV;22;5896.98;20-54053228-8
224;15/10/2019;PARLANTEBL_23;51;7642.0;20-95669573-7
225;17/06/2020;LCD_TV;73;14377.57;20-52179740-8
226;28/12/2019;MOUSE_432;42;7264.46;21-60842595-7
227;20/05/2020;MOUSE_432;8;17409.59;21-27692627-2
228;02/01/2020;PARLANTEBL_23;56;7851.12;21-29252895-5
229;15/08/2019;MOUSE_598;14;23266.24;21-7415004-4
230;20/06/2019;TECLADO_245;24;29648.2;21-84621300-4
231;10/12/2019;MOUSE_598;81;4695.17;20-56053249-8
232;07/04/2020;MOUSE_432;46;22139.02;21-75065080-1
233;26/05/2020;MOUSE_598;10;28625.03;20-67037918-7
234;07/06/2020;LCD_TV;41;11084.39;21-22618926-2
235;21/04/2020;TECLADO_245;11;8859.7;21-85000759-2
236;29/03/2020;MOUSE_432;34;474.41;21-18319799-5
237;11/12/2019;LED_TV;84;25825.78;21-81438771-4
238;09/10/2019;PARLANTEBL_23;98;25906.5;20-38765981-2
239;10/07/2019;LCD_TV;46;27587.9;20-94090569-2
240;17/06/2020;PARLANTEBL_23;35;27749.43;20-1174108-7
241;27/01/2020;LCD_TV;48;23166.13;20-7969930-4
242;27/01/2020;LCD_TV;20;3456.27;21-58309999-2
243;12/07/2019;LED_TV;12;22755.5;20-13720856-5
244;28/03/2020;SMART_TV;67;2505.8;20-38163405-8
245;19/09/2019;LCD_TV;19;28955.25;20-63819456-7
246;05/06/2020;PARLANTEBL_23;99;13817.52;21-26703530-9
247;09/04/2020;MOUSE_432;23;10937.37;21-47261899-4
248;27/06/2019;SMART_TV;80;14181.67;21-14982998-8
249;02/02/2020;SMART_TV;84;905.08;20-85611319-7
250;03/06/2020;SMART_TV;94;19689.76;20-28081239-7
251;30/09/2019;PARLANTEBL_23;90;21885.84;20-90378387-8
252;17/02/2020;MOUSE_432;63;27554.41;21-77930780-5
253;21/10/2019;MOUSE_598;3;14555.73;20-7100657-5
254;20/12/2019;MOUSE_598;80;8305.45;21-53296169-9
255;20/09/2019;MOUSE_598;74;14774.52;20-65798446-2
256;13/04/2020;TECLADO_245;6;26912.39;21-94129764-2
257;03/11/2019;SMART_TV;63;438.17;21-90264256-6
258;21/12/2019;MOUSE_432;73;687.63;20-46686967-9
259;11/01/2020;LED_TV;96;18435.05;20-80298426-2
260;20/11/2019;MOUSE_432;61;29782.64;21-18807203-2
261;02/08/2019;LCD_TV;27;28740.52;21-4327238-7
262;09/09/2019;MOUSE_432;83;21067.05;20-68276079-9
263;29/08/2019;PARLANTEBL_23;26;9684.73;21-1583330-2
264;05/11/2019;MOUSE_598;84;21926.94;21-54772119-9
265;22/11/2019;LCD_TV;40;20851.0;21-94674001-7
266;13/01/2020;SMART_TV;56;21694.24;20-67615759-8
267;04/04/2020;TECLADO_245;27;10846.19;20-99787954-1
268;15/01/2020;MOUSE_432;11;19634.62;20-70897650-8
269;31/07/2019;MOUSE_432;37;10446.97;20-39166949-4
270;11/09/2019;MOUSE_432;22;3053.24;20-34178969-7
271;26/03/2020;MOUSE_598;26;5215.99;21-63476307-6
272;25/01/2020;TECLADO_245;61;18260.88;21-64870846-4
273;10/06/2020;MOUSE_598;35;13045.85;20-81007980-5
274;05/10/2019;SMART_TV;1;25260.0;20-1095110-3
275;21/02/2020;LCD_TV;78;25103.23;21-21796618-5
276;13/03/2020;MOUSE_432;12;23839.07;20-37633655-2
277;07/01/2020;SMART_TV;72;4477.68;20-81511782-4
278;27/08/2019;LCD_TV;53;19389.02;20-53362289-1
279;16/02/2020;TECLADO_245;63;23233.16;21-70476742-3
280;18/09/2019;MOUSE_432;6;246.04;20-81661459-8
281;30/09/2019;TECLADO_245;80;26075.54;21-4167947-3
282;30/07/2019;TECLADO_245;96;29753.04;20-66512305-5
283;06/09/2019;MOUSE_598;22;19889.38;21-75012272-5
284;19/05/2020;MOUSE_598;85;2755.1;21-95494495-1
285;11/02/2020;PARLANTEBL_23;80;12142.9;20-86890426-7
286;05/07/2019;TECLADO_245;74;16406.99;21-95504128-7
287;24/01/2020;MOUSE_432;79;17875.66;21-93164382-9
288;27/07/2019;LCD_TV;1;12444.55;21-51827926-9
289;09/02/2020;LED_TV;54;17961.08;20-83614926-2
290;28/10/2019;PARLANTEBL_23;82;19812.79;20-9300776-9
291;10/10/2019;SMART_TV;94;11731.24;20-75226445-8
292;12/05/2020;MOUSE_432;26;2644.02;20-77200735-8
293;31/08/2019;SMART_TV;46;5808.94;21-7747390-2
294;15/06/2020;PARLANTEBL_23;50;1598.38;21-58896724-6
295;12/08/2019;LED_TV;3;21824.19;20-54014397-3
296;12/02/2020;SMART_TV;61;8551.99;20-52284234-9
297;09/05/2020;LCD_TV;75;28534.75;20-52412443-9
298;10/10/2019;MOUSE_432;21;7938.47;21-17669555-1
299;15/02/2020;SMART_TV;60;3950.4;21-6622320-1
300;12/02/2020;LED_TV;86;14728.32;21-67711017-9
301;18/08/2019;MOUSE_432;83;9467.31;21-11749096-4
302;20/06/2019;MOUSE_598;57;19759.4;21-26470616-1
303;28/12/2019;MOUSE_598;86;19578.35;20-90515093-7
304;15/12/2019;SMART_TV;66;6440.92;21-23333120-9
305;04/12/2019;SMART_TV;99;9891.44;21-15244226-5
306;07/12/2019;MOUSE_598;75;4482.06;20-36003031-8
307;15/06/2020;MOUSE_598;12;27782.28;21-63680966-6
308;16/04/2020;MOUSE_598;66;10495.16;21-75373416-7
309;01/04/2020;LCD_TV;77;2934.92;20-42868791-1
310;17/03/2020;MOUSE_598;82;1571.2;20-84850520-9
311;07/05/2020;TECLADO_245;61;29145.43;21-73537010-1
312;22/02/2020;MOUSE_598;60;16363.01;21-23301953-6
313;08/11/2019;LED_TV;56;18896.35;21-10643525-4
314;30/08/2019;SMART_TV;10;13865.49;21-28576839-1
315;28/04/2020;MOUSE_432;5;23758.1;20-42811189-5
316;05/08/2019;MOUSE_598;67;8442.29;21-6423600-2
317;20/10/2019;TECLADO_245;3;17227.66;21-68721869-9
318;07/04/2020;MOUSE_598;8;27292.72;20-50410394-4
319;29/12/2019;PARLANTEBL_23;20;10602.61;20-66220727-4
320;22/05/2020;PARLANTEBL_23;71;28754.72;21-31681313-5
321;26/09/2019;MOUSE_598;92;21995.41;21-54323295-2
322;05/11/2019;LCD_TV;54;20707.93;21-20242280-4
323;06/08/2019;TECLADO_245;89;14011.21;21-38350773-7
324;17/10/2019;PARLANTEBL_23;45;16395.62;21-43079669-4
325;14/08/2019;MOUSE_598;92;18035.11;21-22658572-8
326;07/04/2020;SMART_TV;33;13078.91;20-35070424-3
327;03/01/2020;LCD_TV;13;11437.36;20-91133993-1
328;29/11/2019;SMART_TV;29;2429.43;21-84572595-6
329;27/01/2020;SMART_TV;62;22090.53;21-39227116-5
330;01/07/2019;LED_TV;44;23320.17;20-25295212-7
331;07/10/2019;LCD_TV;30;13915.16;20-78816889-3
332;04/08/2019;LCD_TV;84;29954.72;21-99514654-8
333;20/07/2019;SMART_TV;17;15411.25;20-93146459-9
334;23/05/2020;MOUSE_432;96;11379.43;20-68655278-6
335;22/04/2020;MOUSE_432;26;5233.48;21-27766597-5
336;28/05/2020;TECLADO_245;83;6997.44;21-37297282-7
337;26/10/2019;LCD_TV;63;16293.93;21-29116435-4
338;23/09/2019;TECLADO_245;48;26051.45;21-90126238-1
339;14/01/2020;MOUSE_432;45;24874.77;21-52679907-8
340;18/12/2019;SMART_TV;68;20557.99;21-78946830-1
341;14/12/2019;PARLANTEBL_23;14;29510.26;20-91461205-9
342;23/02/2020;PARLANTEBL_23;44;24353.83;20-20844211-8
343;24/12/2019;LCD_TV;79;20224.26;20-5767794-9
344;23/04/2020;MOUSE_598;37;1010.33;20-39580378-9
345;02/05/2020;MOUSE_432;68;14607.07;20-48894422-9
346;04/08/2019;LED_TV;46;16283.76;20-84059878-8
347;30/08/2019;SMART_TV;79;27882.82;20-79366005-4
348;29/09/2019;MOUSE_598;38;10246.74;20-53460592-6
349;13/06/2020;LED_TV;20;23513.04;21-59793696-2
350;20/09/2019;MOUSE_598;60;27975.33;20-82662462-4
351;02/01/2020;LCD_TV;87;26979.39;21-47906912-8
352;21/04/2020;MOUSE_432;67;1400.46;21-64617889-5
353;25/03/2020;MOUSE_432;67;24239.14;20-91355000-6
354;02/06/2020;TECLADO_245;45;5517.57;20-78454484-7
355;17/05/2020;PARLANTEBL_23;12;16813.94;21-44438079-2
356;13/04/2020;MOUSE_432;23;10297.86;21-36543609-9
357;24/12/2019;MOUSE_598;39;28295.66;20-6632822-5
358;11/09/2019;TECLADO_245;92;18257.79;20-13557733-6
359;29/03/2020;TECLADO_245;42;2935.91;21-90999004-6
360;05/09/2019;LCD_TV;60;11894.52;21-49387719-7
361;13/10/2019;LED_TV;72;15138.8;21-20530239-3
362;18/02/2020;MOUSE_598;11;26868.18;21-46887291-1
363;03/01/2020;LED_TV;92;24028.51;21-6667915-1
364;30/05/2020;LCD_TV;15;16255.53;20-84059442-9
365;28/07/2019;MOUSE_432;74;24347.44;20-9240529-8
366;17/02/2020;PARLANTEBL_23;69;8642.07;21-33322770-3
367;11/10/2019;MOUSE_432;54;1538.84;21-66538453-5
368;29/07/2019;LED_TV;84;22052.07;20-96396855-5
369;13/02/2020;LED_TV;11;22794.67;20-44197069-7
370;02/11/2019;PARLANTEBL_23;23;16717.73;21-51642579-3
371;13/10/2019;LCD_TV;21;16534.94;21-3219983-9
372;18/10/2019;SMART_TV;51;15839.05;20-75830761-9
373;15/10/2019;LCD_TV;88;24350.54;20-83806820-5
374;08/10/2019;LED_TV;64;11771.44;20-45635144-7
375;13/07/2019;PARLANTEBL_23;81;28005.35;21-49734046-4
376;09/11/2019;LED_TV;2;18326.04;21-86704854-5
377;04/12/2019;MOUSE_432;66;3468.64;21-79109777-6
378;15/05/2020;PARLANTEBL_23;48;26719.67;21-7961065-1
379;05/04/2020;LED_TV;85;15902.43;21-45869183-6
380;05/10/2019;PARLANTEBL_23;19;25745.86;20-35026983-2
381;10/10/2019;SMART_TV;10;15372.56;20-36352300-9
382;08/11/2019;MOUSE_432;64;2113.36;21-34075316-8
383;29/06/2019;LED_TV;22;10785.64;21-1896589-5
384;03/03/2020;PARLANTEBL_23;90;22530.05;20-40751922-6
385;28/11/2019;MOUSE_432;44;20388.83;21-1737548-6
386;17/12/2019;MOUSE_598;37;12427.5;20-41353158-2
387;27/07/2019;MOUSE_598;38;17107.73;20-38339430-7
388;12/09/2019;MOUSE_598;89;18776.44;20-83524980-7
389;25/12/2019;PARLANTEBL_23;86;6611.02;21-81781512-2
390;25/03/2020;MOUSE_432;46;6999.66;21-20193853-4
391;29/08/2019;MOUSE_598;88;16573.57;20-80983496-8
392;24/11/2019;LCD_TV;81;11238.77;21-45479996-7
393;08/12/2019;LED_TV;90;13304.56;21-32030670-1
394;21/01/2020;SMART_TV;88;21320.08;20-83546417-9
395;05/11/2019;MOUSE_432;66;24665.09;21-5748626-4
396;21/04/2020;MOUSE_432;61;26270.32;20-97044214-8
397;09/03/2020;MOUSE_598;1;8174.59;21-30574679-2
398;30/07/2019;TECLADO_245;84;17373.26;20-81562784-7
399;21/03/2020;MOUSE_598;75;18471.17;20-84673807-9
400;08/05/2020;SMART_TV;6;15366.73;20-95275671-3
401;10/06/2020;LCD_TV;4;12152.76;21-41269183-6
402;15/08/2019;PARLANTEBL_23;66;15016.02;20-24957704-3
403;23/06/2019;SMART_TV;82;5062.32;20-31774995-3
404;20/05/2020;LED_TV;81;10437.36;21-86631632-3
405;09/05/2020;MOUSE_432;74;12008.91;21-94956622-2
406;31/10/2019;LED_TV;94;23175.68;21-56559823-5
407;16/11/2019;SMART_TV;40;6023.25;21-31859691-2
408;16/11/2019;LCD_TV;11;12484.2;21-90622560-8
409;09/08/2019;SMART_TV;4;10045.13;20-2189480-2
410;04/11/2019;SMART_TV;44;26905.68;21-60630268-2
411;12/08/2019;SMART_TV;84;22195.95;20-65706896-9
412;01/12/2019;TECLADO_245;12;4614.64;20-97053868-5
413;17/05/2020;MOUSE_598;36;9466.92;20-68909594-9
414;25/05/2020;MOUSE_432;91;23753.83;20-49576507-9
415;16/06/2020;LCD_TV;55;21397.34;21-63657906-5
416;03/04/2020;SMART_TV;60;4022.83;21-93444392-7
417;11/02/2020;TECLADO_245;17;22382.94;20-88098720-7
418;08/11/2019;SMART_TV;78;13219.36;21-59138405-8
419;25/01/2020;LCD_TV;97;27398.77;21-55854728-9
420;02/01/2020;SMART_TV;83;23378.32;21-87538717-3
421;09/03/2020;MOUSE_432;81;16268.62;21-57141761-7
422;03/04/2020;TECLADO_245;61;681.92;21-14688935-9
423;26/08/2019;MOUSE_432;28;19862.36;20-65573015-8
424;22/09/2019;TECLADO_245;98;29806.11;21-83660104-6
425;23/12/2019;LCD_TV;15;26016.86;21-82289284-7
426;19/12/2019;MOUSE_598;55;24737.6;21-25121289-3
427;10/08/2019;LCD_TV;49;12045.63;21-65722392-4
428;01/05/2020;SMART_TV;42;26998.52;21-42997875-8
429;13/06/2020;LCD_TV;94;11024.08;21-17837520-1
430;05/05/2020;SMART_TV;60;19365.19;21-73490935-1
431;29/04/2020;SMART_TV;72;28238.22;21-96101925-3
432;08/02/2020;TECLADO_245;18;1357.79;21-9460664-8
433;31/03/2020;SMART_TV;58;5260.59;21-84371026-1
434;05/09/2019;PARLANTEBL_23;53;23119.89;21-5444862-6
435;30/06/2019;TECLADO_245;33;598.12;20-51677474-5
436;13/03/2020;SMART_TV;93;7748.9;21-32552715-7
437;02/10/2019;MOUSE_598;82;21087.3;20-56921547-9
438;17/08/2019;SMART_TV;90;27390.29;20-71222757-1
439;29/10/2019;MOUSE_432;99;761.03;20-92844944-3
440;23/05/2020;MOUSE_598;79;6906.08;21-74912082-9
441;12/05/2020;MOUSE_598;12;29527.92;20-92225370-1
442;27/10/2019;LCD_TV;79;28953.92;21-98040734-7
443;23/11/2019;MOUSE_598;89;13634.24;21-45490826-6
444;21/06/2019;PARLANTEBL_23;93;14360.48;21-19648517-2
445;19/03/2020;LED_TV;6;23059.1;20-36784355-1
446;22/10/2019;SMART_TV;55;14804.61;20-29829430-1
447;15/08/2019;TECLADO_245;35;5906.76;21-9265386-5
448;19/08/2019;LED_TV;48;19380.25;21-39694749-4
449;10/11/2019;TECLADO_245;24;17192.39;20-45944969-5
450;17/08/2019;SMART_TV;57;18201.01;20-28271021-8
451;05/03/2020;MOUSE_598;20;3133.43;20-16351660-3
452;27/02/2020;PARLANTEBL_23;25;608.43;21-69376775-1
453;04/01/2020;MOUSE_432;64;5925.45;21-76025141-4
454;05/01/2020;MOUSE_432;17;9591.48;21-93330729-4
455;07/09/2019;MOUSE_598;34;19605.0;21-7476825-2
456;03/12/2019;PARLANTEBL_23;27;22270.03;20-59852522-1
457;06/02/2020;LED_TV;10;10905.68;21-94646111-9
458;02/11/2019;SMART_TV;47;15529.04;20-65782626-4
459;21/08/2019;MOUSE_598;91;14729.51;20-80130573-7
460;09/01/2020;MOUSE_598;92;15923.78;21-43176762-2
461;14/08/2019;MOUSE_432;69;11470.32;21-33705437-6
462;20/05/2020;SMART_TV;34;21438.47;21-27232691-7
463;10/06/2020;MOUSE_432;7;5157.94;21-43574064-4
464;17/08/2019;TECLADO_245;30;3018.38;21-93221569-7
465;14/07/2019;TECLADO_245;90;2657.78;20-72630801-3
466;04/10/2019;PARLANTEBL_23;64;26934.64;20-62108125-4
467;02/11/2019;PARLANTEBL_23;20;25596.38;20-5102844-5
468;22/09/2019;LCD_TV;52;23288.92;21-20758132-6
469;14/06/2020;SMART_TV;31;29104.9;21-5752030-5
470;09/04/2020;LCD_TV;19;24393.62;20-28578595-4
471;30/10/2019;TECLADO_245;43;2224.22;20-15536923-3
472;23/09/2019;PARLANTEBL_23;83;18672.99;21-25450702-2
473;01/04/2020;PARLANTEBL_23;16;26458.49;20-50469493-4
474;25/01/2020;LCD_TV;22;27849.49;21-77455281-1
475;16/02/2020;PARLANTEBL_23;5;20290.51;21-71718432-3
476;18/02/2020;SMART_TV;46;21957.21;20-19865236-8
477;20/02/2020;MOUSE_432;12;14547.89;21-66429251-7
478;23/07/2019;PARLANTEBL_23;96;18579.58;21-66977305-6
479;12/07/2019;MOUSE_432;76;1170.54;21-65470296-1
480;31/05/2020;LED_TV;52;10735.44;21-90224921-9
481;13/06/2020;TECLADO_245;4;3570.97;20-55643617-6
482;23/03/2020;MOUSE_432;53;19772.78;20-83464649-2
483;15/06/2020;LED_TV;45;26990.75;20-78150305-4
484;02/12/2019;MOUSE_598;37;268.4;21-59820584-5
485;08/04/2020;MOUSE_432;85;7182.48;20-91818022-2
486;04/01/2020;TECLADO_245;85;2176.32;20-83755487-5
487;16/03/2020;PARLANTEBL_23;71;26078.77;21-68961916-5
488;18/04/2020;MOUSE_432;10;786.85;20-959026-8
489;07/08/2019;TECLADO_245;22;20724.82;20-266078-6
490;05/12/2019;SMART_TV;21;4080.9;21-70423131-5
491;24/12/2019;LED_TV;26;19891.87;20-8613324-5
492;17/07/2019;LED_TV;5;15963.55;20-129067-5
493;11/12/2019;MOUSE_432;14;10901.83;20-99557696-1
494;12/07/2019;LCD_TV;98;26057.5;20-7417018-6
495;25/04/2020;MOUSE_598;5;2166.58;21-87604031-9
496;31/03/2020;LCD_TV;92;24329.44;20-19973557-1
497;10/07/2019;MOUSE_598;22;12701.62;21-55337952-6
498;22/05/2020;PARLANTEBL_23;55;6509.25;20-40699536-4
499;12/08/2019;TECLADO_245;61;12223.55;20-54114754-2
500;06/01/2020;TECLADO_245;6;18951.88;20-91121650-1
501;02/01/2020;PARLANTEBL_23;17;4356.8;20-90440130-1
502;16/01/2020;MOUSE_432;33;11289.65;20-64691939-8
503;19/03/2020;LED_TV;29;12069.9;21-55148725-3
504;17/02/2020;MOUSE_432;56;16949.98;21-95567023-9
505;08/01/2020;LCD_TV;17;18284.93;21-36893868-4
506;10/02/2020;LCD_TV;89;22329.17;21-21062572-4
507;27/06/2019;PARLANTEBL_23;100;6136.93;20-2953002-4
508;04/03/2020;LCD_TV;37;10349.19;20-53440108-8
509;19/09/2019;LED_TV;67;14590.27;20-23441979-6
510;03/11/2019;TECLADO_245;81;9009.02;20-77289022-8
511;23/12/2019;PARLANTEBL_23;27;1574.63;21-78708345-4
512;18/03/2020;LCD_TV;47;14765.72;20-29510809-2
513;20/07/2019;SMART_TV;45;17227.16;21-8403446-5
514;16/10/2019;SMART_TV;13;13104.88;21-63288021-2
515;11/08/2019;LCD_TV;34;17552.36;20-32629453-7
516;13/02/2020;TECLADO_245;24;7012.95;20-47393479-5
517;05/10/2019;MOUSE_598;15;29624.39;21-7679706-4
518;11/05/2020;LCD_TV;99;24953.8;21-76790182-2
519;21/12/2019;TECLADO_245;30;29772.13;21-63289842-5
520;12/03/2020;LED_TV;19;2390.51;21-62501394-7
521;15/10/2019;TECLADO_245;66;15864.78;20-12855030-5
522;29/10/2019;LCD_TV;50;10235.58;20-41326545-8
523;16/11/2019;SMART_TV;45;23527.19;21-64191058-7
524;10/04/2020;LED_TV;65;28824.11;20-54910771-7
525;27/05/2020;LCD_TV;1;6617.7;21-42365603-6
526;14/01/2020;MOUSE_598;75;11141.56;21-61819878-9
527;01/07/2019;SMART_TV;40;3726.34;21-96551134-4
528;20/10/2019;MOUSE_432;25;17646.44;21-64412492-2
529;17/07/2019;SMART_TV;53;1626.73;20-94330882-6
530;04/10/2019;LED_TV;26;13140.82;21-14227950-4
531;22/02/2020;SMART_TV;70;11408.26;21-68027312-7
532;07/04/2020;PARLANTEBL_23;79;20593.77;21-37919379-7
533;05/05/2020;SMART_TV;54;2617.44;20-10503444-9
534;23/08/2019;TECLADO_245;46;27556.89;20-69420888-7
535;10/07/2019;LCD_TV;71;2221.06;20-28503843-1
536;10/01/2020;LCD_TV;98;14907.93;21-77576130-1
537;25/09/2019;SMART_TV;11;15233.4;21-46551008-7
538;28/04/2020;LED_TV;96;14580.01;20-55192872-9
539;10/06/2020;SMART_TV;20;1006.17;21-57689257-9
540;07/08/2019;LCD_TV;96;14042.09;20-70830655-3
541;28/10/2019;LCD_TV;22;11081.67;21-62718888-2
542;08/10/2019;LED_TV;85;17174.89;20-87485285-3
543;27/03/2020;MOUSE_432;80;23210.03;21-92476379-5
544;07/01/2020;PARLANTEBL_23;86;11567.71;21-10702415-8
545;02/03/2020;PARLANTEBL_23;71;25634.14;21-90647364-2
546;14/06/2020;MOUSE_432;95;12001.56;21-23065956-7
547;12/06/2020;MOUSE_432;37;395.26;20-98370457-2
548;16/08/2019;PARLANTEBL_23;64;23772.35;20-23381482-5
549;11/06/2020;LED_TV;36;17979.81;20-49671362-1
550;28/03/2020;MOUSE_432;14;22380.49;21-49394833-7
551;24/01/2020;MOUSE_432;32;4921.35;20-49020599-5
552;29/01/2020;LED_TV;44;18942.22;21-87259170-6
553;13/09/2019;PARLANTEBL_23;83;4293.95;20-97361506-2
554;10/12/2019;SMART_TV;13;13451.59;21-53318129-3
555;30/01/2020;PARLANTEBL_23;6;27638.89;21-17719817-7
556;14/06/2020;PARLANTEBL_23;64;24914.48;21-40413552-9
557;31/03/2020;LCD_TV;61;29373.03;21-14872152-4
558;10/02/2020;SMART_TV;38;27170.0;20-18751189-1
559;14/07/2019;MOUSE_432;95;7749.25;21-83070572-8
560;20/09/2019;PARLANTEBL_23;62;27365.82;20-41453300-2
561;05/11/2019;PARLANTEBL_23;17;7536.73;20-22413838-5
562;10/06/2020;MOUSE_598;96;1533.2;21-36944172-9
563;12/10/2019;LCD_TV;3;13257.4;21-26707264-8
564;22/10/2019;MOUSE_598;43;13226.26;21-47845228-1
565;18/01/2020;LCD_TV;33;16511.79;20-12186392-4
566;09/10/2019;LCD_TV;13;16622.22;20-6108105-5
567;06/05/2020;MOUSE_432;64;26656.54;21-79421427-1
568;28/06/2019;LED_TV;11;12264.79;21-28856742-2
569;06/06/2020;TECLADO_245;18;4031.33;20-92171192-5
570;17/05/2020;LED_TV;100;26756.06;21-41397561-9
571;15/04/2020;TECLADO_245;44;16215.48;20-97063448-2
572;06/09/2019;LED_TV;81;8292.02;21-74498855-2
573;12/09/2019;MOUSE_432;30;911.47;20-6277467-5
574;19/06/2019;PARLANTEBL_23;51;24289.87;20-47533128-2
575;10/11/2019;LCD_TV;100;7568.16;21-10197470-1
576;27/05/2020;MOUSE_432;10;4992.65;20-84936588-1
577;24/08/2019;MOUSE_432;83;3006.76;20-71119645-4
578;18/09/2019;MOUSE_432;27;13128.73;21-57709622-8
579;21/05/2020;MOUSE_432;81;19958.74;21-90392341-7
580;12/04/2020;LCD_TV;24;9107.74;20-30150154-4
581;13/06/2020;LED_TV;62;19142.71;21-53276177-9
582;25/04/2020;SMART_TV;15;10824.9;21-8444466-8
583;13/12/2019;MOUSE_432;99;21300.9;21-18749733-6
584;20/01/2020;TECLADO_245;91;24794.54;20-78765674-2
585;17/02/2020;SMART_TV;83;20949.01;20-39800017-2
586;14/07/2019;TECLADO_245;86;19966.54;20-40730636-2
587;23/02/2020;SMART_TV;5;16204.92;21-36360230-3
588;01/01/2020;SMART_TV;77;1289.77;20-20352198-5
589;07/05/2020;TECLADO_245;40;449.49;21-31604515-2
590;01/02/2020;SMART_TV;27;20777.96;20-20766209-2
591;23/04/2020;TECLADO_245;3;327.15;21-55234159-2
592;29/01/2020;LCD_TV;82;10036.11;20-94865739-8
593;06/01/2020;LCD_TV;50;25087.64;20-10906589-9
594;02/08/2019;LED_TV;13;21146.2;21-85351414-9
595;20/11/2019;TECLADO_245;88;21449.15;20-95380152-4
596;26/07/2019;TECLADO_245;57;19424.41;20-74862034-1
597;28/01/2020;LED_TV;93;5939.81;20-53678850-1
598;01/01/2020;LED_TV;87;1380.45;21-56016648-4
599;01/08/2019;PARLANTEBL_23;6;23677.91;21-75532771-7
600;03/12/2019;MOUSE_432;68;5343.06;21-70866928-6
601;22/01/2020;LCD_TV;100;16881.52;20-32873521-6
602;24/08/2019;LCD_TV;40;3887.02;20-31587736-1
603;19/06/2019;LCD_TV;35;6093.69;20-60462109-5
604;22/04/2020;PARLANTEBL_23;33;14379.48;20-61151679-2
605;14/06/2020;PARLANTEBL_23;8;25831.52;21-35432831-6
606;30/12/2019;LED_TV;76;25124.85;21-73172574-6
607;25/05/2020;LCD_TV;79;10458.37;20-15690701-1
608;13/06/2020;LCD_TV;73;8517.36;20-39435205-9
609;18/02/2020;MOUSE_598;36;22673.22;21-35611236-3
610;22/06/2019;SMART_TV;76;2484.67;21-69691513-5
611;29/09/2019;MOUSE_432;5;3432.54;21-21572553-6
612;09/02/2020;LCD_TV;46;18543.31;20-86957135-6
613;22/09/2019;LED_TV;68;19223.04;21-96731538-5
614;28/01/2020;MOUSE_432;77;20386.17;20-90985153-3
615;31/01/2020;LED_TV;90;2155.53;21-94612059-4
616;30/09/2019;SMART_TV;16;10543.14;21-52267235-2
617;07/03/2020;PARLANTEBL_23;18;1132.62;21-75774036-4
618;25/09/2019;TECLADO_245;20;18645.73;20-65438006-4
619;12/07/2019;MOUSE_432;35;26927.68;20-54823624-8
620;22/01/2020;PARLANTEBL_23;62;13837.0;21-23455799-6
621;06/04/2020;MOUSE_432;97;3143.08;20-30367103-6
622;14/06/2020;MOUSE_598;70;7488.74;20-60821496-7
623;22/09/2019;TECLADO_245;4;20696.13;21-56903052-8
624;27/03/2020;LED_TV;69;3124.71;21-462345-4
625;14/08/2019;MOUSE_432;90;1046.97;20-43838175-1
626;20/08/2019;PARLANTEBL_23;18;2690.92;21-17097429-1
627;23/01/2020;SMART_TV;56;12130.64;21-85348538-1
628;18/05/2020;LCD_TV;3;17070.26;20-45133951-1
629;08/12/2019;SMART_TV;77;388.54;20-9445697-1
630;25/02/2020;TECLADO_245;45;18256.12;20-80858828-7
631;05/04/2020;MOUSE_598;18;4831.0;20-3692437-9
632;05/11/2019;LED_TV;91;27179.98;20-56141392-3
633;19/01/2020;LCD_TV;35;17793.32;20-24268319-3
634;11/05/2020;MOUSE_598;15;26733.84;21-23621763-7
635;30/12/2019;MOUSE_432;28;19696.48;21-66868050-9
636;20/10/2019;MOUSE_598;40;27006.5;21-51415699-8
637;03/09/2019;SMART_TV;64;15203.3;20-97051387-9
638;27/10/2019;TECLADO_245;44;29371.93;20-88952130-7
639;13/12/2019;TECLADO_245;42;9123.03;21-48309138-8
640;13/09/2019;TECLADO_245;50;13883.14;21-62016332-4
641;20/12/2019;LCD_TV;37;25849.48;21-21951131-5
642;05/09/2019;LED_TV;13;9166.21;21-34064036-6
643;06/12/2019;LCD_TV;80;13209.63;20-64844889-3
644;15/07/2019;MOUSE_432;79;14129.55;20-28782975-3
645;26/07/2019;PARLANTEBL_23;30;4357.37;21-57952236-7
646;16/06/2020;TECLADO_245;51;27208.15;20-74707329-9
647;28/06/2019;PARLANTEBL_23;84;4680.06;21-4328663-9
648;17/06/2020;MOUSE_432;6;21059.08;21-33877653-5
649;02/03/2020;MOUSE_598;43;12042.29;20-48227476-1
650;16/11/2019;PARLANTEBL_23;23;24291.81;20-20550107-3
651;04/01/2020;LCD_TV;24;1127.54;20-43508667-3
652;15/11/2019;MOUSE_432;6;14482.99;21-33679037-3
653;02/03/2020;LCD_TV;78;29212.0;20-97700888-6
654;23/12/2019;SMART_TV;69;9752.63;21-25214134-3
655;28/03/2020;MOUSE_598;18;13065.25;20-87912413-2
656;16/07/2019;TECLADO_245;82;18348.62;20-2315588-2
657;05/09/2019;LCD_TV;78;3307.62;20-37314790-9
658;03/10/2019;MOUSE_432;69;11309.77;21-89854758-9
659;16/07/2019;PARLANTEBL_23;96;3068.11;21-59569642-5
660;05/02/2020;SMART_TV;68;16177.95;21-87362643-2
661;29/08/2019;MOUSE_432;48;2493.01;20-22165784-3
662;06/03/2020;LED_TV;11;29701.52;20-98937213-4
663;17/03/2020;LED_TV;34;21312.07;20-53194702-4
664;31/05/2020;MOUSE_432;62;13414.54;21-36010204-7
665;10/06/2020;SMART_TV;91;13180.71;20-36399747-4
666;11/06/2020;MOUSE_432;34;12437.87;20-15615940-7
667;03/04/2020;LCD_TV;94;3650.41;20-62061242-7
668;14/11/2019;MOUSE_598;55;11377.09;21-16602903-5
669;21/10/2019;PARLANTEBL_23;8;11498.86;21-75171919-1
670;23/04/2020;PARLANTEBL_23;90;8910.72;21-59762134-9
671;23/01/2020;PARLANTEBL_23;92;18794.07;20-89840990-1
672;17/08/2019;LED_TV;35;23411.64;20-95294172-7
673;22/09/2019;PARLANTEBL_23;31;21726.75;21-87932495-9
674;08/11/2019;LCD_TV;20;16217.67;20-11089113-1
675;09/11/2019;SMART_TV;46;22305.59;20-39606196-3
676;08/11/2019;MOUSE_432;88;7800.38;21-85610065-7
677;24/01/2020;TECLADO_245;47;3706.99;21-23672061-7
678;24/08/2019;LED_TV;87;18993.67;21-54903303-6
679;18/08/2019;LCD_TV;51;7870.0;20-30698233-5
680;29/11/2019;PARLANTEBL_23;16;24027.76;21-33653721-5
681;27/04/2020;SMART_TV;77;13203.45;20-53280339-3
682;03/01/2020;MOUSE_598;97;26825.98;21-96215959-4
683;27/09/2019;LED_TV;44;27146.57;21-62208807-9
684;06/01/2020;LCD_TV;57;8370.87;21-60047482-1
685;25/07/2019;TECLADO_245;12;7490.12;20-47628664-1
686;21/08/2019;MOUSE_432;99;18267.64;21-86752194-8
687;09/01/2020;LCD_TV;20;17062.38;21-5952815-4
688;06/01/2020;SMART_TV;50;27754.11;21-12142971-5
689;13/07/2019;MOUSE_598;41;26913.11;20-16895210-1
690;02/07/2019;SMART_TV;37;2979.22;20-6290973-3
691;14/06/2020;PARLANTEBL_23;10;23207.15;21-19030111-9
692;10/09/2019;TECLADO_245;97;21890.54;21-43947637-5
693;22/11/2019;PARLANTEBL_23;63;4356.23;20-72101799-2
694;26/04/2020;SMART_TV;33;28941.99;20-44569881-5
695;10/03/2020;PARLANTEBL_23;83;2358.43;21-96128550-2
696;26/08/2019;PARLANTEBL_23;97;1647.61;20-1544009-1
697;07/04/2020;MOUSE_598;38;1676.37;21-11758427-6
698;09/02/2020;TECLADO_245;25;9695.35;21-93138451-5
699;04/03/2020;TECLADO_245;97;2220.95;21-83142635-2
700;17/11/2019;TECLADO_245;93;20409.07;21-29126366-3
701;13/08/2019;LCD_TV;38;14937.79;21-88548046-3
702;04/01/2020;PARLANTEBL_23;23;27535.24;20-26283423-7
703;21/08/2019;LED_TV;77;18654.79;21-51768810-5
704;17/06/2020;MOUSE_432;51;8396.36;20-47220425-4
705;08/05/2020;LED_TV;16;22099.35;21-13406991-8
706;17/10/2019;MOUSE_432;39;28675.61;21-70649284-7
707;20/05/2020;MOUSE_432;1;26928.93;20-85035425-7
708;05/02/2020;LCD_TV;51;27693.48;21-7291436-7
709;12/07/2019;PARLANTEBL_23;86;20334.92;21-8464016-5
710;08/05/2020;MOUSE_432;45;797.55;21-16498820-4
711;08/07/2019;MOUSE_432;8;2646.96;21-32743967-7
712;29/10/2019;LED_TV;5;23669.6;20-48297124-6
713;02/09/2019;LED_TV;29;24771.13;21-16357912-2
714;05/08/2019;SMART_TV;53;16369.93;20-11334584-3
715;09/07/2019;LED_TV;62;14445.37;20-36294116-5
716;22/05/2020;LCD_TV;46;26872.29;21-68888408-5
717;28/08/2019;TECLADO_245;34;4314.07;20-91869062-2
718;08/05/2020;LED_TV;74;11122.54;21-53042938-3
719;08/03/2020;PARLANTEBL_23;98;20951.88;20-6074646-2
720;15/01/2020;MOUSE_598;13;28425.42;20-51801818-6
721;10/09/2019;TECLADO_245;11;13537.59;20-73992941-8
722;07/04/2020;LED_TV;17;12256.98;21-93066645-9
723;14/08/2019;LCD_TV;66;13852.78;21-64599270-6
724;31/03/2020;MOUSE_432;50;6777.45;20-25100809-6
725;10/12/2019;LCD_TV;1;5512.58;20-58321025-6
726;12/11/2019;LCD_TV;62;11398.71;20-77897303-5
727;20/11/2019;MOUSE_598;13;569.85;21-46190963-7
728;13/11/2019;SMART_TV;8;14923.1;20-20905827-9
729;28/07/2019;LED_TV;15;18738.24;21-37257202-6
730;27/12/2019;LCD_TV;8;27447.7;20-7959369-5
731;18/04/2020;PARLANTEBL_23;69;21737.87;20-67315874-3
732;14/12/2019;MOUSE_432;35;22399.67;20-79301702-6
733;11/12/2019;PARLANTEBL_23;28;18012.48;21-38553619-2
734;02/04/2020;MOUSE_598;55;22714.73;20-82388678-4
735;13/07/2019;SMART_TV;16;25420.68;20-88735409-9
736;30/01/2020;MOUSE_598;1;16969.64;20-33076893-1
737;01/08/2019;TECLADO_245;38;19351.62;20-51559335-6
738;23/08/2019;MOUSE_598;32;25560.6;21-38121729-8
739;07/05/2020;LED_TV;31;26685.98;20-23546280-6
740;23/08/2019;SMART_TV;64;21858.46;21-13775376-1
741;08/09/2019;MOUSE_598;3;23781.63;20-55494615-4
742;03/08/2019;PARLANTEBL_23;18;382.81;21-80683967-7
743;11/01/2020;MOUSE_432;37;11994.16;21-79307705-8
744;03/01/2020;MOUSE_598;60;14047.01;21-46951476-8
745;29/03/2020;LED_TV;71;14116.59;21-56923937-1
746;14/01/2020;MOUSE_598;97;17445.05;21-76876094-7
747;13/10/2019;LCD_TV;23;10155.31;21-97696279-2
748;17/11/2019;LED_TV;73;18712.21;20-79743933-7
749;27/11/2019;MOUSE_432;65;9222.45;20-14446124-9
750;16/03/2020;TECLADO_245;70;6520.22;20-30791898-4
751;22/06/2019;MOUSE_432;31;22983.61;20-18076492-7
752;19/08/2019;LCD_TV;55;25553.92;20-88533577-8
753;13/08/2019;MOUSE_432;71;6371.66;20-28044054-7
754;18/08/2019;MOUSE_432;36;3912.46;21-53208851-2
755;13/02/2020;LED_TV;99;25516.76;20-33500891-7
756;26/03/2020;TECLADO_245;84;17591.69;21-90412661-3
757;06/04/2020;LCD_TV;53;20572.31;21-8093473-2
758;10/02/2020;LCD_TV;7;10463.56;20-69275067-6
759;10/11/2019;SMART_TV;82;7574.89;21-52584958-5
760;29/02/2020;LCD_TV;2;21290.45;21-65118129-5
761;12/02/2020;SMART_TV;100;3671.19;20-70853454-8
762;16/03/2020;MOUSE_432;25;5910.71;21-13653812-1
763;30/04/2020;SMART_TV;92;27641.18;20-19485668-2
764;19/06/2019;LED_TV;11;18225.56;20-74790848-3
765;19/01/2020;LCD_TV;56;10588.28;21-86624899-3
766;08/10/2019;MOUSE_598;69;7700.01;20-31184607-3
767;20/10/2019;TECLADO_245;36;20806.46;20-3415314-5
768;10/05/2020;LED_TV;19;11853.46;20-39925963-1
769;07/07/2019;MOUSE_432;79;23771.6;21-39525137-4
770;12/12/2019;LCD_TV;9;26624.97;21-88329707-3
771;22/04/2020;SMART_TV;27;29058.94;21-23419963-6
772;21/02/2020;SMART_TV;73;22544.92;20-47406993-8
773;03/02/2020;LED_TV;91;19295.52;21-35177676-9
774;11/12/2019;MOUSE_432;60;24602.01;20-84528779-6
775;09/06/2020;MOUSE_598;41;8805.6;20-17391709-4
776;27/10/2019;MOUSE_432;30;18685.16;20-60191597-6
777;15/02/2020;PARLANTEBL_23;46;21392.2;20-58762824-2
778;04/11/2019;SMART_TV;76;11608.38;20-14592348-4
779;09/05/2020;SMART_TV;45;883.68;20-49166448-5
780;18/07/2019;PARLANTEBL_23;81;13044.58;20-36162374-3
781;28/10/2019;MOUSE_432;43;26185.01;20-25769652-4
782;23/07/2019;LED_TV;92;16882.75;20-50318297-9
783;24/04/2020;PARLANTEBL_23;66;21595.88;21-42435732-7
784;02/09/2019;PARLANTEBL_23;17;18123.32;21-36816488-7
785;22/01/2020;LED_TV;87;12728.42;20-13558677-2
786;11/02/2020;TECLADO_245;97;22434.51;21-56794352-1
787;02/06/2020;TECLADO_245;51;15651.22;21-97197804-4
788;11/09/2019;PARLANTEBL_23;77;12050.21;21-3690487-8
789;22/12/2019;MOUSE_598;69;22180.33;21-57317481-3
790;16/10/2019;SMART_TV;29;18480.77;20-91643578-8
791;13/02/2020;LCD_TV;5;27756.28;20-15816467-9
792;13/05/2020;TECLADO_245;14;19393.81;20-30396531-4
793;09/02/2020;LED_TV;1;2512.37;20-19071430-6
794;27/01/2020;LED_TV;51;26823.86;20-42854311-5
795;23/03/2020;MOUSE_432;70;28175.36;21-42933032-1
796;30/11/2019;LED_TV;100;6748.99;20-59174597-3
797;30/06/2019;SMART_TV;13;15822.13;21-69134489-5
798;15/05/2020;LED_TV;6;2736.04;21-22233897-3
799;11/09/2019;PARLANTEBL_23;10;1497.48;21-66009467-5
800;29/03/2020;LED_TV;41;18457.53;21-35288613-6
801;31/12/2019;TECLADO_245;61;25616.81;20-54334460-9
802;23/10/2019;TECLADO_245;1;9763.16;20-44946239-8
803;28/06/2019;SMART_TV;38;1070.42;20-27920690-5
804;15/03/2020;MOUSE_598;10;14323.74;20-34172144-3
805;07/08/2019;LED_TV;61;18773.82;20-29226838-8
806;10/06/2020;MOUSE_432;72;29564.68;20-65429572-6
807;03/04/2020;TECLADO_245;87;27115.02;21-55352351-2
808;25/01/2020;TECLADO_245;81;14636.86;21-39559698-2
809;23/03/2020;LED_TV;17;20285.46;21-2988748-4
810;01/03/2020;MOUSE_598;69;11995.14;21-35041655-6
811;11/11/2019;SMART_TV;41;11378.34;20-93712182-2
812;30/10/2019;LED_TV;12;12373.45;21-68551344-2
813;02/11/2019;MOUSE_432;3;22227.46;20-94955569-7
814;06/12/2019;MOUSE_432;40;18959.43;20-30200036-1
815;18/06/2019;TECLADO_245;56;24711.26;21-7167404-8
816;17/12/2019;LCD_TV;79;19237.98;21-68519972-5
817;16/06/2020;LCD_TV;100;10595.81;20-80800991-7
818;22/06/2019;PARLANTEBL_23;53;4369.67;20-16174386-2
819;13/08/2019;MOUSE_598;25;2242.9;20-48078061-4
820;21/02/2020;MOUSE_432;30;13664.82;20-76766711-8
821;28/05/2020;SMART_TV;34;17550.04;21-9349506-7
822;18/09/2019;SMART_TV;7;2274.94;21-82354205-7
823;12/11/2019;LCD_TV;74;14789.08;20-89911426-1
824;06/12/2019;LED_TV;76;23477.16;21-76622499-7
825;26/07/2019;SMART_TV;71;29837.05;20-57046995-3
826;31/10/2019;SMART_TV;8;18659.14;21-13399308-2
827;15/11/2019;PARLANTEBL_23;97;11521.81;20-47895677-4
828;20/03/2020;LCD_TV;4;9841.2;20-25846767-3
829;22/07/2019;TECLADO_245;23;18077.24;20-9945665-8
830;12/09/2019;PARLANTEBL_23;58;16543.19;20-75168662-9
831;28/07/2019;SMART_TV;88;8455.01;20-39376682-3
832;19/02/2020;MOUSE_432;45;1779.26;21-54316446-5
833;23/06/2019;TECLADO_245;56;17263.21;21-45716510-5
834;13/12/2019;PARLANTEBL_23;15;26738.07;20-54134302-8
835;23/08/2019;SMART_TV;20;22173.35;20-59418846-2
836;06/02/2020;SMART_TV;36;27719.96;20-20341322-1
837;28/08/2019;LCD_TV;97;21219.79;20-15908454-4
838;17/04/2020;MOUSE_598;47;4902.82;20-69392142-3
839;07/01/2020;MOUSE_432;31;8461.08;20-51173149-6
840;12/02/2020;LCD_TV;13;9242.82;20-41567605-6
841;06/02/2020;LED_TV;35;28901.24;20-64318605-7
842;20/09/2019;MOUSE_598;73;2633.69;20-79931334-8
843;10/04/2020;LED_TV;90;18387.04;20-82193832-4
844;01/06/2020;LED_TV;99;22980.87;21-79756820-7
845;19/05/2020;TECLADO_245;61;7956.77;20-90563466-8
846;01/05/2020;TECLADO_245;68;8068.7;21-66229563-8
847;20/11/2019;LCD_TV;100;7487.89;21-74235958-2
848;20/11/2019;MOUSE_432;62;1970.73;21-58878587-6
849;17/03/2020;TECLADO_245;74;651.41;21-33753333-3
850;09/12/2019;MOUSE_432;5;3068.02;20-15550047-4
851;29/12/2019;TECLADO_245;77;29988.08;21-17113366-8
852;16/08/2019;MOUSE_598;64;6764.89;20-25632842-2
853;04/09/2019;LCD_TV;58;13757.16;20-71583322-3
854;03/06/2020;TECLADO_245;16;20982.25;21-77198883-8
855;14/12/2019;LCD_TV;36;27581.72;21-22031565-7
856;30/11/2019;LED_TV;10;13778.54;21-48568775-7
857;26/07/2019;SMART_TV;81;18041.18;21-39282252-2
858;02/01/2020;LED_TV;9;22886.41;21-37074356-7
859;21/07/2019;LED_TV;72;1206.21;20-23544123-4
860;09/10/2019;LCD_TV;76;14841.78;21-57261421-6
861;17/09/2019;MOUSE_432;87;10694.28;21-9243023-6
862;15/06/2020;PARLANTEBL_23;32;29205.29;21-35212908-5
863;03/09/2019;MOUSE_598;66;22808.63;20-91776319-3
864;08/09/2019;PARLANTEBL_23;46;25937.17;21-47946901-2
865;14/01/2020;SMART_TV;77;19408.49;21-37684517-7
866;20/09/2019;TECLADO_245;71;11666.1;21-4109050-2
867;31/01/2020;LCD_TV;82;21198.94;20-46468582-7
868;31/07/2019;MOUSE_432;83;15914.78;21-46973912-5
869;19/12/2019;LED_TV;50;9749.92;21-64178114-6
870;16/03/2020;LCD_TV;6;9140.49;21-58004818-2
871;13/07/2019;MOUSE_432;25;23057.65;20-37228656-6
872;20/09/2019;TECLADO_245;23;16315.69;20-39146839-2
873;06/09/2019;TECLADO_245;51;9799.67;20-34871390-3
874;09/06/2020;MOUSE_598;78;5806.42;21-39442260-5
875;31/01/2020;MOUSE_598;92;22591.59;20-82366985-2
876;14/07/2019;LED_TV;78;9548.68;21-49198860-6
877;23/12/2019;PARLANTEBL_23;57;27006.65;21-11992654-4
878;08/04/2020;MOUSE_432;100;22287.41;20-90157698-5
879;16/02/2020;SMART_TV;76;11223.85;21-29525367-8
880;19/06/2019;TECLADO_245;90;24993.85;21-1752886-6
881;03/04/2020;PARLANTEBL_23;51;24821.72;21-81500597-5
882;13/06/2020;PARLANTEBL_23;32;6584.05;20-94937164-8
883;19/10/2019;LED_TV;91;29861.47;21-8101464-9
884;10/11/2019;TECLADO_245;54;25077.07;21-23750204-5
885;03/02/2020;SMART_TV;38;985.24;20-71353311-8
886;17/09/2019;LED_TV;68;1446.9;21-23766911-5
887;18/12/2019;LCD_TV;83;1962.73;21-73804587-8
888;17/01/2020;LED_TV;58;13738.0;20-30709215-9
889;23/05/2020;SMART_TV;65;19054.93;20-23705388-9
890;12/04/2020;SMART_TV;96;15285.16;20-18071724-1
891;16/11/2019;MOUSE_598;31;26087.45;20-32237361-4
892;27/11/2019;MOUSE_598;11;16822.86;20-22004101-8
893;26/07/2019;PARLANTEBL_23;59;15035.67;21-29570174-1
894;18/09/2019;MOUSE_432;13;5690.9;21-68175546-6
895;29/05/2020;MOUSE_432;94;4985.73;21-13638606-2
896;03/05/2020;LED_TV;70;24900.26;20-64036019-7
897;21/01/2020;LCD_TV;88;9886.52;21-46707884-2
898;17/12/2019;MOUSE_432;32;11624.37;21-3749276-1
899;15/09/2019;TECLADO_245;6;28674.68;21-29823000-2
900;31/01/2020;LED_TV;26;7886.9;21-9999450-2
901;08/08/2019;SMART_TV;94;8479.28;21-6007631-6
902;20/02/2020;MOUSE_432;61;20779.66;21-93158850-4
903;19/09/2019;LED_TV;79;25755.73;20-26781976-6
904;17/12/2019;LCD_TV;44;15776.02;20-88201886-1
905;07/09/2019;SMART_TV;52;8054.85;21-60974007-8
906;01/10/2019;LCD_TV;31;27374.91;20-27112260-3
907;04/10/2019;MOUSE_432;37;7745.96;20-84297623-8
908;24/01/2020;MOUSE_432;79;11719.04;21-54169965-8
909;12/07/2019;MOUSE_432;51;8235.44;20-63479628-9
910;29/03/2020;LCD_TV;72;10343.17;20-59594234-8
911;03/04/2020;SMART_TV;26;18935.31;21-16073490-2
912;02/03/2020;SMART_TV;93;12464.93;20-85038830-9
913;15/06/2020;MOUSE_598;26;22642.51;20-56222135-1
914;04/01/2020;MOUSE_598;61;1862.13;20-2137834-6
915;04/06/2020;LCD_TV;21;6058.94;20-54297951-7
916;30/03/2020;MOUSE_432;54;1682.22;21-76197032-6
917;18/08/2019;PARLANTEBL_23;91;7514.99;21-3287368-8
918;03/05/2020;LED_TV;44;29468.86;20-21320616-9
919;08/09/2019;PARLANTEBL_23;13;13490.12;21-20513008-6
920;19/05/2020;LCD_TV;31;16874.41;21-71626076-8
921;10/01/2020;MOUSE_598;4;25532.21;21-23409541-5
922;12/12/2019;LCD_TV;100;19010.9;20-57865438-9
923;16/05/2020;PARLANTEBL_23;97;14588.56;20-23515624-9
924;09/07/2019;TECLADO_245;66;15919.68;20-46360597-5
925;27/07/2019;SMART_TV;31;24352.6;20-33408896-5
926;23/12/2019;MOUSE_598;94;1370.28;20-11466944-9
927;01/10/2019;SMART_TV;31;21189.2;20-59718207-5
928;19/04/2020;LCD_TV;15;11198.77;21-60436813-6
929;04/07/2019;MOUSE_598;31;18756.03;20-4519254-8
930;03/05/2020;SMART_TV;31;28364.49;20-15741593-6
931;13/08/2019;LCD_TV;97;7707.48;21-62282656-3
932;27/11/2019;MOUSE_432;17;29033.63;21-72182893-7
933;14/06/2020;MOUSE_432;18;1920.79;21-7454482-4
934;08/07/2019;LCD_TV;18;18979.28;20-54833230-6
935;05/07/2019;MOUSE_432;58;26601.27;20-19002490-1
936;19/06/2019;TECLADO_245;97;1506.5;21-86690527-3
937;19/09/2019;SMART_TV;77;25243.73;20-24439556-3
938;20/05/2020;MOUSE_432;1;23788.95;21-49845411-8
939;05/01/2020;PARLANTEBL_23;70;15483.87;21-86930278-4
940;30/06/2019;MOUSE_432;58;5414.56;21-2221818-6
941;06/11/2019;MOUSE_598;19;18221.07;21-96124247-4
942;28/12/2019;LCD_TV;99;17995.92;21-49630303-3
943;12/09/2019;PARLANTEBL_23;13;5190.89;20-72546785-7
944;24/03/2020;SMART_TV;12;8577.52;20-12288069-9
945;12/01/2020;TECLADO_245;59;26910.57;20-20224631-3
946;08/09/2019;LED_TV;1;8799.94;20-3337943-5
947;11/02/2020;MOUSE_432;25;6298.06;20-31560994-1
948;04/07/2019;LED_TV;21;2290.67;20-70374926-3
949;01/04/2020;MOUSE_432;47;12791.89;20-27536754-7
950;07/07/2019;PARLANTEBL_23;17;508.55;20-64914767-3
951;12/11/2019;LED_TV;57;7990.11;21-67205169-3
952;10/08/2019;TECLADO_245;21;18833.27;20-72489783-5
953;04/10/2019;TECLADO_245;98;24271.78;21-20437801-5
954;25/02/2020;TECLADO_245;78;3550.48;21-15977234-4
955;04/02/2020;LED_TV;63;10090.2;20-81258766-6
956;13/01/2020;MOUSE_432;48;26344.75;20-4206114-7
957;02/08/2019;MOUSE_598;22;27928.98;20-87701383-5
958;26/05/2020;LCD_TV;71;19401.47;21-63531481-3
959;07/05/2020;LCD_TV;100;29387.15;21-90303301-3
960;13/12/2019;TECLADO_245;48;28467.38;21-9276009-3
961;06/10/2019;MOUSE_598;11;2665.09;21-62231776-4
962;18/04/2020;MOUSE_598;66;20769.27;20-29113433-7
963;18/07/2019;TECLADO_245;97;14187.25;21-1374135-2
964;08/09/2019;TECLADO_245;22;10688.43;21-25745169-8
965;07/07/2019;LCD_TV;51;24118.73;20-90182778-1
966;20/09/2019;LCD_TV;26;23341.3;21-79316005-6
967;05/01/2020;LED_TV;44;21944.24;20-82774106-1
968;01/12/2019;TECLADO_245;75;20992.4;20-30612187-1
969;28/03/2020;SMART_TV;34;21231.73;20-1849358-8
970;20/11/2019;PARLANTEBL_23;6;9107.41;20-31637076-3
971;24/02/2020;MOUSE_432;60;13133.07;21-92118573-9
972;22/12/2019;TECLADO_245;63;24804.49;21-86933812-1
973;01/07/2019;PARLANTEBL_23;69;27347.25;21-91103946-9
974;27/08/2019;MOUSE_432;26;15964.58;21-45584398-3
975;08/10/2019;LED_TV;74;5095.07;21-22688182-3
976;04/04/2020;MOUSE_598;99;6569.26;20-53356232-5
977;28/02/2020;LED_TV;23;5324.5;21-83368844-7
978;01/07/2019;TECLADO_245;46;23331.69;20-52690554-9
979;19/04/2020;TECLADO_245;33;17575.05;20-82261254-9
980;07/04/2020;TECLADO_245;3;26259.25;20-53576071-6
981;09/07/2019;TECLADO_245;15;12361.46;20-75002856-9
982;10/06/2020;MOUSE_598;18;16587.29;20-27761242-7
983;31/08/2019;SMART_TV;87;10561.51;20-73810780-3
984;01/07/2019;PARLANTEBL_23;84;1358.51;21-70810479-8
985;13/12/2019;LCD_TV;35;1293.03;20-39832223-4
986;04/03/2020;LCD_TV;68;24519.43;21-21423747-5
987;12/06/2020;LED_TV;50;16464.75;20-70663345-3
988;02/12/2019;PARLANTEBL_23;76;7700.79;20-16282247-4
989;20/06/2019;MOUSE_432;41;8274.8;21-72686648-6
990;19/04/2020;TECLADO_245;21;1511.8;21-5461086-7
991;23/06/2019;TECLADO_245;87;19786.4;21-96600425-7
992;27/10/2019;MOUSE_432;56;403.71;21-95194347-7
993;10/02/2020;MOUSE_432;93;24176.5;21-1631714-3
994;03/08/2019;LCD_TV;83;13772.02;21-67874873-6
995;24/10/2019;TECLADO_245;30;23248.34;21-86799932-9
996;01/02/2020;MOUSE_598;96;6953.01;20-3937626-9
997;05/11/2019;MOUSE_598;14;25860.37;21-45977699-7
998;13/09/2019;SMART_TV;49;9280.66;20-10968288-1
999;24/07/2019;LCD_TV;32;24762.81;21-31724144-1
1000;17/02/2020;MOUSE_432;51;15242.03;20-79299532-1
